1530942882714,(Lauren Phillips) Big Round Boobs Girl In Hard Sex In Office clip-18
 https://t.co/qz1gPXUM68 
 maxhardcore skinny... https://t.co/B9qSMTyXRk,-0.1638888888888889
1530942883568,squirting orgasm videos chinese sex orgy sexy teen titans tube movies amateur hot jamaican women fantasy  https://t.co/65sGyREmu5,0.1
1530942883462,Hi Girls and aunty House Wife I am Jai Kumar Sex call boy Secret sex inrss Call me my No. 9962481572 https://t.co/JFX0UHi21F,-0.4
1530942883707,RT @LeonardCowalski: Yeah sex is cool but have you ever spent an hour looking for a song that you only remember one lyric from and then fin...,0.125
1530942883742,RT @EuroAmateur: adult facebook of sex adult dating site, find a free shag / sex join free. Be naughty today and use fuckbook free chatroom...,0.20833333333333334
1530942883744,RT @nakedwomentime: Izziye is Here to Give You a Sexy Saturday Night! =&gt; https://t.co/cMTdCfSYPo #naked #sex #camgirls @bbnaked @IzzieLj @H...,0.3125
1530942883780,accurate https://t.co/lko0N2tXLE,0.4000000000000001
1530942884047,RT @DoghouseCorgian: Bisexual  doesn't  mean  we  want  to  have  sex  with  multiple  genders 

Bisexual  means  we  want ...,-0.15625
1530942883977,RT @ladysisyphus: Gay men: fangirls write such unrealistic sex!

Also gay men: https://t.co/f3IGL0Zw1G,0.05208333333333334
1530942884222,RT @PornPanic: Sex work is far more ancient than marriage. Help me fight to defend traditional values,0.19999999999999998
1530942884423,RT @andimkaii: I'm a very sexual person who rarely have sex,0.475
1530942884330,RT @ImKingRoy: Day 235 with no sex, I've developed the ability to talk to animals.. https://t.co/ECR1AOVe0i,0.1
1530942884810,RT @wendywilkinsoz: More exciting news today Am about to release #memoir #sex,love&amp;cops #novella #cops #love @ Hollywood https://t.co/xsq0J...,0.43333333333333335
1530942884745,morgan nude pics haveing sex with a fit girl sexwatch girls with dildos video teensexfusion free sexy porn  https://t.co/eqQ1KEk27W,0.43333333333333335
1530942884925,RT @dabeard: The prominent #Trump supporter and judge began trading heroin for sex, then became a human trafficker https://t.co/ublWgB9saO,0.25
1530942885161,RT @LeonardCowalski: Yeah sex is cool but have you ever spent an hour looking for a song that you only remember one lyric from and then fin...,0.125
1530942885179,RT @PornAtHome: Sex Dating Site - Hookup w/ Casual Sex Partners &amp; Get Laid Tonight!
Meet Local Women * 76 Million Members * Join for Free *...,-0.07500000000000002
1530942885249,girls with breast implants old man fucking tube watch the simpsons porn amazing sex play brutal anal teens  https://t.co/VYASrheriD,-0.19374999999999998
1530942885261,RT @ImKingRoy: Day 235 with no sex, I've developed the ability to talk to animals.. https://t.co/ECR1AOVe0i,0.1
1530943148824,FUCK everything fuck fuck fuck im overwhelmed why the FUCK am i crying,-0.3666666666666667
1530943234290,RT @LeonardCowalski: Yeah sex is cool but have you ever spent an hour looking for a song that you only remember one lyric from and then fin...,0.125
1530943241005,Str8 Cums Inside Guy 17
 https://t.co/thSyfxoRhc 
 brutal gayfuck Tamil homo sex interesting kathaigal,-0.1875
1530943247750,very tight jeans women sex adult swing seat desi sexy women big tit squirter adult only webcam car girls  https://t.co/Zhwgr0SyeM,0.07797619047619048
1530944713399,hott sex nude ink sluts zebra porn movies wwe divas sex hot nude girls show their pussy free xxx sex  https://t.co/h3xcUsvpVH,0.325
